{"version":"0.2","x":600,"y":324,"width":128,"height":128,"scale":1.0,"color":0,"transparent":true,"strokes":[{"width":2.0,"color":-16742145,"type":"pen","data":[77.0,33.0,1.0,80.0,33.0,1.0]},{"width":2.0,"color":-16742145,"type":"pen","data":[69.0,36.0,1.0,88.0,36.0,1.0]},{"width":2.0,"color":-16742145,"type":"pen","data":[96.0,36.0,1.0,98.0,36.0,1.0]},{"width":2.0,"color":-16742145,"type":"pen","data":[31.0,39.0,1.0,34.0,39.0,1.0]},{"width":2.0,"color":-16742145,"type":"pen","data":[66.0,39.0,1.0,96.0,39.0,1.0]},{"width":2.0,"color":-16742145,"type":"pen","data":[30.0,42.0,1.0,37.0,42.0,1.0]},{"width":2.0,"color":-16742145,"type":"pen","data":[65.0,42.0,1.0,93.0,42.0,1.0]},{"width":2.0,"color":-16742145,"type":"pen","data":[97.0,42.0,1.0,100.0,42.0,1.0]},{"width":2.0,"color":-16742145,"type":"pen","data":[30.0,45.0,1.0,42.0,45.0,1.0]},{"width":2.0,"color":-16742145,"type":"pen","data":[64.0,45.0,1.0,97.0,45.0,1.0]},{"width":2.0,"color":-16742145,"type":"pen","data":[31.0,48.0,1.0,47.0,48.0,1.0]},{"width":2.0,"color":-16742145,"type":"pen","data":[63.0,48.0,1.0,94.0,48.0,1.0]},{"width":2.0,"color":-16742145,"type":"pen","data":[32.0,51.0,1.0,56.0,51.0,1.0]},{"width":2.0,"color":-16742145,"type":"pen","data":[64.0,51.0,1.0,94.0,51.0,1.0]},{"width":2.0,"color":-16742145,"type":"pen","data":[34.0,54.0,1.0,94.0,54.0,1.0]},{"width":2.0,"color":-16742145,"type":"pen","data":[30.0,57.0,1.0,93.0,57.0,1.0]},{"width":2.0,"color":-16742145,"type":"pen","data":[31.0,60.0,1.0,92.0,60.0,1.0]},{"width":2.0,"color":-16742145,"type":"pen","data":[32.0,63.0,1.0,92.0,63.0,1.0]},{"width":2.0,"color":-16742145,"type":"pen","data":[35.0,66.0,1.0,91.0,66.0,1.0]},{"width":2.0,"color":-16742145,"type":"pen","data":[40.0,69.0,1.0,89.0,69.0,1.0]},{"width":2.0,"color":-16742145,"type":"pen","data":[36.0,72.0,1.0,88.0,72.0,1.0]},{"width":2.0,"color":-16742145,"type":"pen","data":[38.0,75.0,1.0,86.0,75.0,1.0]},{"width":2.0,"color":-16742145,"type":"pen","data":[41.0,78.0,1.0,84.0,78.0,1.0]},{"width":2.0,"color":-16742145,"type":"pen","data":[49.0,81.0,1.0,81.0,81.0,1.0]},{"width":2.0,"color":-16742145,"type":"pen","data":[45.0,84.0,1.0,78.0,84.0,1.0]},{"width":2.0,"color":-16742145,"type":"pen","data":[37.0,87.0,1.0,74.0,87.0,1.0]},{"width":2.0,"color":-16742145,"type":"pen","data":[32.0,90.0,1.0,69.0,90.0,1.0]},{"width":2.0,"color":-16742145,"type":"pen","data":[41.0,93.0,1.0,60.0,93.0,1.0]}]}