{"version":"0.2","x":495,"y":190,"width":192,"height":192,"scale":1,"color":0,"transparent":true,"strokes":[{"width":2,"color":-5978567,"type":"pen","data":[111,54,1,112,54,1]},{"width":2,"color":-5978567,"type":"pen","data":[109,57,1,113,57,1]},{"width":2,"color":-5978567,"type":"pen","data":[107,60,1,115,60,1]},{"width":2,"color":-5978567,"type":"pen","data":[105,63,1,117,63,1]},{"width":2,"color":-5978567,"type":"pen","data":[103,66,1,119,66,1]},{"width":2,"color":-5978567,"type":"pen","data":[101,69,1,121,69,1]},{"width":2,"color":-5978567,"type":"pen","data":[99,72,1,123,72,1]},{"width":2,"color":-5978567,"type":"pen","data":[97,75,1,125,75,1]},{"width":2,"color":-5978567,"type":"pen","data":[95,78,1,127,78,1]},{"width":2,"color":-5978567,"type":"pen","data":[93,81,1,129,81,1]},{"width":2,"color":-5978567,"type":"pen","data":[61,84,1,62,84,1]},{"width":2,"color":-5978567,"type":"pen","data":[91,84,1,131,84,1]},{"width":2,"color":-5978567,"type":"pen","data":[59,87,1,64,87,1]},{"width":2,"color":-5978567,"type":"pen","data":[89,87,1,133,87,1]},{"width":2,"color":-5978567,"type":"pen","data":[57,90,1,66,90,1]},{"width":2,"color":-5978567,"type":"pen","data":[87,90,1,135,90,1]},{"width":2,"color":-5978567,"type":"pen","data":[55,93,1,68,93,1]},{"width":2,"color":-5978567,"type":"pen","data":[86,93,1,136,93,1]},{"width":2,"color":-5978567,"type":"pen","data":[53,96,1,70,96,1]},{"width":2,"color":-5978567,"type":"pen","data":[84,96,1,138,96,1]},{"width":2,"color":-5978567,"type":"pen","data":[51,99,1,72,99,1]},{"width":2,"color":-5978567,"type":"pen","data":[82,99,1,140,99,1]},{"width":2,"color":-5978567,"type":"pen","data":[49,102,1,74,102,1]},{"width":2,"color":-5978567,"type":"pen","data":[80,102,1,142,102,1]},{"width":2,"color":-5978567,"type":"pen","data":[47,105,1,76,105,1]},{"width":2,"color":-5978567,"type":"pen","data":[78,105,1,144,105,1]},{"width":2,"color":-5978567,"type":"pen","data":[45,108,1,146,108,1]},{"width":2,"color":-5978567,"type":"pen","data":[43,111,1,148,111,1]},{"width":2,"color":-5978567,"type":"pen","data":[42,114,1,150,114,1]},{"width":2,"color":-5978567,"type":"pen","data":[40,117,1,152,117,1]},{"width":2,"color":-5978567,"type":"pen","data":[38,120,1,154,120,1]},{"width":2,"color":-5978567,"type":"pen","data":[36,123,1,156,123,1]},{"width":2,"color":-5978567,"type":"pen","data":[34,126,1,157,126,1]},{"width":2,"color":-5978567,"type":"pen","data":[32,129,1,159,129,1]},{"width":2,"color":-5978567,"type":"pen","data":[30,132,1,161,132,1]},{"width":2,"color":-5978567,"type":"pen","data":[28,135,1,163,135,1]},{"width":2,"color":-5978567,"type":"pen","data":[26,138,1,165,138,1]},{"width":2,"color":-5978567,"type":"pen","data":[24,141,1,167,141,1]},{"width":2,"color":-5978567,"type":"pen","data":[22,144,1,169,144,1]},{"width":2,"color":-5978567,"type":"pen","data":[21,147,1,171,147,1]},{"width":2,"color":-5978567,"type":"pen","data":[19,150,1,173,150,1]},{"width":2,"color":-5978567,"type":"pen","data":[17,153,1,175,153,1]},{"width":2,"color":-5978567,"type":"pen","data":[15,156,1,177,156,1]},{"width":2,"color":-5978567,"type":"pen","data":[13,159,1,178,159,1]},{"width":2,"color":-5978567,"type":"pen","data":[11,162,1,180,162,1]},{"width":2,"color":-5978567,"type":"pen","data":[9,165,1,182,165,1]},{"width":2,"color":-5978567,"type":"pen","data":[7,168,1,184,168,1]}]}